{
   "device_class" : "controller",
   "device_pid" : 8960,
   "device_serial_number" : "92C17E5B98",
   "device_vid" : 10462,
   "head" : {
      "plus_x" : [ -1.0000000200830783, 0, -0 ],
      "plus_z" : [ 0, -0.99862954083462085, -0.052336042137149263 ],
      "position" : [ 0, 0.071000002324581146, -0.030999999493360519 ]
   },
   "imu" : {
      "acc_bias" : [ 0.060430001467466354, 0.030629999935626984, -0.071549996733665466 ],
      "acc_scale" : [ 1.003000020980835, 0.99739998579025269, 0.98849999904632568 ],
      "gyro_bias" : [ -0.035029999911785126, 0.014340000227093697, -0.0038789999671280384 ],
      "gyro_scale" : [ 1, 1, 1 ],
      "plus_x" : [ 1, 0, 0 ],
      "plus_z" : [ 0, 0, 1 ],
      "position" : [ -0.0058709997683763504, -0.073343001306056976, 0.015300000086426735 ]
   },
   "lighthouse_config" : {
      "channelMap" : [
         0,
         1,
         2,
         3,
         4,
         5,
         6,
         7,
         8,
         9,
         10,
         11,
         12,
         13,
         14,
         15,
         16,
         17,
         18,
         19,
         20,
         21,
         22,
         23
      ],
      "modelNormals" : [
         [ -0.5965772271156311, 0.4799024760723114, 0.6432645320892334 ],
         [ -0.76452118158340454, 0.155507892370224, 0.62555950880050659 ],
         [ -0.75924438238143921, 0.0024872843641787767, 0.65080088376998901 ],
         [ -0.45304825901985168, -0.61604291200637817, 0.64438992738723755 ],
         [ 0.77480423450469971, 0.09723479300737381, 0.62467896938323975 ],
         [ -0.74774092435836792, 0.070443682372570038, 0.66024333238601685 ],
         [ 0.015340989455580711, -0.78338247537612915, 0.62135058641433716 ],
         [ 0.50606775283813477, -0.60314404964447021, 0.61653280258178711 ],
         [ 0.78349339962005615, 0.053562663495540619, 0.6190873384475708 ],
         [ 0.75862830877304077, 0.18209457397460938, 0.62555950880050659 ],
         [ 0.57946544885635376, 0.50043034553527832, 0.6432645320892334 ],
         [ -0.53734844923019409, 0.49701958894729614, -0.6813429594039917 ],
         [ -0.27395549416542053, 0.96174240112304688, -4.1788246044826779e-016 ],
         [ -0.70699912309646606, -0.012340717017650604, -0.7071068286895752 ],
         [ -0.27302542328834534, -0.96200680732727051, 4.5362701259438285e-016 ],
         [ -0.69465839862823486, -0.71933978796005249, 3.2155035626910188e-016 ],
         [ -0.51503807306289673, 0.85716730356216431, -3.6973602246536969e-016 ],
         [ 3.028740341708632e-017, 0.75470960140228271, 0.65605902671813965 ],
         [ 0.48480960726737976, 0.87461972236633301, -3.387923736549532e-016 ],
         [ 0.71933978796005249, -0.69465839862823486, 2.9661974141168446e-016 ],
         [ 0.30643266439437866, -0.95189231634140015, 3.4890724406437003e-016 ],
         [ 0.70699912309646606, 0.012340717017650604, -0.7071068286895752 ],
         [ 0.24022427201271057, 0.97071743011474609, -3.6985399827305445e-016 ],
         [ 0.48441615700721741, 0.5138016939163208, -0.70805990695953369 ]
      ],
      "modelPoints" : [
         [ -0.031307440251111984, 0.026259494945406914, 0.034070104360580444 ],
         [ -0.032800834625959396, 0.0061001144349575043, 0.042795535176992416 ],
         [ -0.048896972090005875, 5.1909978537878487e-006, 0.024734145030379295 ],
         [ -0.024300828576087952, -0.031599648296833038, 0.034802470356225967 ],
         [ -0.027725186198949814, -0.0024834268260747194, 0.042646169662475586 ],
         [ 0.027632312849164009, -0.0017729980172589421, 0.042113818228244781 ],
         [ 0.00032257611746899784, -0.034632053226232529, 0.041596412658691406 ],
         [ 0.025713207200169563, -0.03090319037437439, 0.034569989889860153 ],
         [ 0.049080003052949905, 0.0017267640214413404, 0.024349568411707878 ],
         [ 0.032864443957805634, 0.0072048855945467949, 0.04286845400929451 ],
         [ 0.030102744698524475, 0.027183292433619499, 0.034599523991346359 ],
         [ -0.022986169904470444, 0.037866849452257156, 0.017762187868356705 ],
         [ -0.044221937656402588, 0.016222964972257614, 0.015937414020299911 ],
         [ -0.047959454357624054, 0.001679539680480957, 0.013090101070702076 ],
         [ -0.04437221959233284, -0.013143710792064667, 0.015192341059446335 ],
         [ -0.030553538352251053, -0.031630892306566238, 0.017199872061610222 ],
         [ -0.028901722282171249, 0.028202202171087265, 0.0067206183448433876 ],
         [ -0.00081927358405664563, 0.035096757113933563, 0.041534233838319778 ],
         [ 0.027898073196411133, 0.029896367341279984, 0.0075418273918330669 ],
         [ 0.031626664102077484, -0.030943945050239563, 0.017436740919947624 ],
         [ 0.045418951660394669, -0.011552055366337299, 0.016222257167100906 ],
         [ 0.048131842166185379, 0.002848032396286726, 0.012670715339481831 ],
         [ 0.04409494623541832, 0.017531609162688255, 0.015562131069600582 ],
         [ 0.021141787990927696, 0.038276702165603638, 0.018105160444974899 ]
      ]
   },
   "manufacturer" : "HTC",
   "model_number" : "Vive Controller MV",
   "render_model" : "vr_controller_vive_1_5",
   "resource_root" : "",
   "revision" : 6,
   "tracked_controller_role" : "",
   "type" : "Lighthouse_HMD"
}
