{
   "device_class" : "controller",
   "device_pid" : 8960,
   "device_serial_number" : "92C17E5B98",
   "device_vid" : 10462,
   "head" : {
      "plus_x" : [ -1.0000000200830783, 0, -0 ],
      "plus_z" : [ 0, -0.99862954083462085, -0.052336042137149263 ],
      "position" : [ 0, 0.071000002324581146, -0.030999999493360519 ]
   },
   "imu" : {
      "acc_bias" : [ 0.060430001467466354, 0.030629999935626984, -0.071549996733665466 ],
      "acc_scale" : [ 1.003000020980835, 0.99739998579025269, 0.98849999904632568 ],
      "gyro_bias" : [ -0.035029999911785126, 0.014340000227093697, -0.0038789999671280384 ],
      "gyro_scale" : [ 1, 1, 1 ],
      "plus_x" : [ 1, 0, 0 ],
      "plus_z" : [ 0, 0, 1 ],
      "position" : [ -0.0058709997683763504, -0.0028059999458491802, 0.0059739998541772366 ]
   },
   "lighthouse_config" : {
      "channelMap" : [
         0,
         1,
         2,
         3,
         4,
         5,
         6,
         7,
         8,
         9,
         10,
         11,
         12,
         13,
         14,
         15,
         16,
         17,
         18,
         19,
         20,
         21,
         22,
         23
      ],
      "modelNormals" : [
         [ -0.5965772271156311, 0.4799024760723114, 0.6432645320892334 ],
         [ -0.76452118158340454, 0.155507892370224, 0.62555950880050659 ],
         [ -0.75924438238143921, 0.0024872843641787767, 0.65080088376998901 ],
         [ -0.45304825901985168, -0.61604291200637817, 0.64438992738723755 ],
         [ 0.77480423450469971, 0.09723479300737381, 0.62467896938323975 ],
         [ -0.74774092435836792, 0.070443682372570038, 0.66024333238601685 ],
         [ 0.015340989455580711, -0.78338247537612915, 0.62135058641433716 ],
         [ 0.50606775283813477, -0.60314404964447021, 0.61653280258178711 ],
         [ 0.78349339962005615, 0.053562663495540619, 0.6190873384475708 ],
         [ 0.75862830877304077, 0.18209457397460938, 0.62555950880050659 ],
         [ 0.57946544885635376, 0.50043034553527832, 0.6432645320892334 ],
         [ -0.53734844923019409, 0.49701958894729614, -0.6813429594039917 ],
         [ -0.27395549416542053, 0.96174240112304688, -3.5900443266101293e-016 ],
         [ -0.70699912309646606, -0.012340717017650604, -0.7071068286895752 ],
         [ -0.27302542328834534, -0.96200680732727051, 1.4613123579105517e-015 ],
         [ -0.69465839862823486, -0.71933978796005249, 2.0313673313577087e-015 ],
         [ -0.51503807306289673, 0.85716730356216431, 2.1084946310539983e-016 ],
         [ 3.028740341708632e-017, 0.75470960140228271, 0.65605902671813965 ],
         [ 0.48480960726737976, 0.87461972236633301, -1.7162049005301047e-015 ],
         [ 0.71933978796005249, -0.69465839862823486, -7.6259064455574304e-016 ],
         [ 0.30643269419670105, -0.9518924355506897, 2.2184204493662932e-016 ],
         [ 0.70699912309646606, 0.012340717017650604, -0.7071068286895752 ],
         [ 0.24022427201271057, 0.97071743011474609, -1.3178922098858615e-015 ],
         [ 0.48441615700721741, 0.5138016939163208, -0.70805990695953369 ]
      ],
      "modelPoints" : [
         [ -0.031161654740571976, 0.096807800233364105, 0.024582557380199432 ],
         [ -0.032676983624696732, 0.076704256236553192, 0.03337034210562706 ],
         [ -0.048743143677711487, 0.07063225656747818, 0.015292001888155937 ],
         [ -0.024125626310706139, 0.039140012115240097, 0.025328928604722023 ],
         [ -0.027593119069933891, 0.068178392946720123, 0.033297523856163025 ],
         [ 0.027584901079535484, 0.068852983415126801, 0.032624740153551102 ],
         [ 0.00036333818570710719, 0.036162223666906357, 0.032056491822004318 ],
         [ 0.025622831657528877, 0.039776187390089035, 0.02500436082482338 ],
         [ 0.049019444733858109, 0.072259768843650818, 0.014890882186591625 ],
         [ 0.03277309238910675, 0.077759481966495514, 0.033473927527666092 ],
         [ 0.029969016090035439, 0.097716204822063446, 0.025234827771782875 ],
         [ -0.022977709770202637, 0.10830304771661758, 0.0085986154153943062 ],
         [ -0.044101882725954056, 0.08667842298746109, 0.0066024442203342915 ],
         [ -0.047859206795692444, 0.072149142622947693, 0.0038250717334449291 ],
         [ -0.04417041689157486, 0.05762084573507309, 0.005955742672085762 ],
         [ -0.030456947162747383, 0.038961399346590042, 0.0077909315004944801 ],
         [ -0.028877964243292809, 0.098754607141017914, -0.0029083252884447575 ],
         [ -0.00088123400928452611, 0.10552602261304855, 0.03203316405415535 ],
         [ 0.027697088196873665, 0.10038559138774872, -0.0018232174916192889 ],
         [ 0.03173542395234108, 0.039490498602390289, 0.0083619439974427223 ],
         [ 0.045220479369163513, 0.059168245643377304, 0.0068677254021167755 ],
         [ 0.048001844435930252, 0.073385417461395264, 0.0034691873006522655 ],
         [ 0.043906234204769135, 0.087756738066673279, 0.0060706720687448978 ],
         [ 0.021006090566515923, 0.10885912179946899, 0.0089320475235581398 ]
      ]
   },
   "manufacturer" : "HTC",
   "model_number" : "Vive Controller MV",
   "render_model" : "vr_controller_vive_1_5",
   "resource_root" : "",
   "revision" : 5,
   "tracked_controller_role" : "",
   "type" : "Lighthouse_HMD"
}
